"id","Response","key","percent_match","Scored","Condition.Number","Condition.Description","Stimuli.Cue","Stimuli.Shuffle","Stimuli.Stimuli.Notes","Procedure.Shuffle","Response.RT","Procedure.Shuffle.1"
"M20320231_MMS","love","love","1",1,1,"Read","affection","Study1","F","Study Phase",3160,"Recall1"
"M20333893_HRR","love","love","1",1,1,"Read","affection","Study1","F","Study Phase",1936,"Recall1"
"M20333927NNN","love","love","1",1,1,"Read","affection","Study1","F","Study Phase",1465,"Recall1"
"M20342347","love","love","1",1,1,"Read","affection","Study1","F","Study Phase",3289,"Recall1"
"M20320231_MMS","jump","jump","1",1,1,"Read","bat","Study1","M","Study Phase",2242,"Recall1"
"M20333893_HRR","jump","jump","1",1,1,"Read","bat","Study1","M","Study Phase",1716,"Recall1"
"M20333927NNN","cave","jump","0",0,1,"Read","bat","Study1","M","Study Phase",1982,"Recall1"
"M20342347","bar","jump","0",0,1,"Read","bat","Study1","M","Study Phase",7510,"Recall1"
"M20320231_MMS","square","square","1",1,1,"Read","beach","Study1","M","Study Phase",2331,"Recall1"
"M20333893_HRR","square","square","1",1,1,"Read","beach","Study1","M","Study Phase",1691,"Recall1"
"M20333927NNN","tempature","square","0.444444444444444",0,1,"Read","beach","Study1","M","Study Phase",1131,"Recall1"
"M20342347","waves ","square","0.5",0,1,"Read","beach","Study1","M","Study Phase",1816,"Recall1"
"M20320231_MMS","cake","apple","0.4",0,1,"Read","birthday","Study1","M","Study Phase",3286,"Recall1"
"M20333893_HRR","","apple","0",0,1,"Read","birthday","Study1","M","Study Phase",1975,"Recall1"
"M20333927NNN","cake","apple","0.4",0,1,"Read","birthday","Study1","M","Study Phase",1718,"Recall1"
"M20342347","cake ","apple","0.4",0,1,"Read","birthday","Study1","M","Study Phase",1336,"Recall1"
"M20320231_MMS","birthday","hand","0.375",0,1,"Read","cake","Study1","U","Study Phase",1893,"Recall1"
"M20333893_HRR","","hand","0",0,1,"Read","cake","Study1","U","Study Phase",1247,"Recall1"
"M20333927NNN","wedding","hand","0.285714285714286",0,1,"Read","cake","Study1","U","Study Phase",1447,"Recall1"
"M20342347","bake ","hand","0.2",0,1,"Read","cake","Study1","U","Study Phase",9403,"Recall1"
"M20320231_MMS","rug","rug","1",1,1,"Read","ceiling","Study1","M","Study Phase",2603,"Recall1"
"M20333893_HRR","rug","rug","1",1,1,"Read","ceiling","Study1","M","Study Phase",2247,"Recall1"
"M20333927NNN","rug","rug","1",1,1,"Read","ceiling","Study1","M","Study Phase",1389,"Recall1"
"M20342347","being","rug","0.2",0,1,"Read","ceiling","Study1","M","Study Phase",1988,"Recall1"
"M20320231_MMS","fun","fun","1",1,1,"Read","circle","Study1","M","Study Phase",4955,"Recall1"
"M20333893_HRR","","fun","0",0,1,"Read","circle","Study1","M","Study Phase",3090,"Recall1"
"M20333927NNN","dot","fun","0",0,1,"Read","circle","Study1","M","Study Phase",1189,"Recall1"
"M20342347","triangle ","fun","0.111111111111111",0,1,"Read","circle","Study1","M","Study Phase",2420,"Recall1"
"M20320231_MMS","election","election","1",1,1,"Read","crackle","Study1","U","Study Phase",6497,"Recall1"
"M20333893_HRR","","election","0",0,1,"Read","crackle","Study1","U","Study Phase",3258,"Recall1"
"M20333927NNN","pop","election","0.125",0,1,"Read","crackle","Study1","U","Study Phase",1544,"Recall1"
"M20342347","smackle ","election","0.375",0,1,"Read","crackle","Study1","U","Study Phase",3823,"Recall1"
"M20320231_MMS","card","card","1",1,1,"Read","credit","Study1","F","Study Phase",4556,"Recall1"
"M20333893_HRR","","card","0",0,1,"Read","credit","Study1","F","Study Phase",3140,"Recall1"
"M20333927NNN","card","card","1",1,1,"Read","credit","Study1","F","Study Phase",1169,"Recall1"
"M20342347","debit","card","0.2",0,1,"Read","credit","Study1","F","Study Phase",1429,"Recall1"
"M20320231_MMS","circle","beer","0.333333333333333",0,1,"Read","cry","Study1","M","Study Phase",3932,"Recall1"
"M20333893_HRR","beer","beer","1",1,1,"Read","cry","Study1","M","Study Phase",2972,"Recall1"
"M20333927NNN","sob","beer","0.25",0,1,"Read","cry","Study1","M","Study Phase",1239,"Recall1"
"M20342347","baby","beer","0.25",0,1,"Read","cry","Study1","M","Study Phase",1904,"Recall1"
"M20320231_MMS","black","black","1",1,1,"Read","day","Study1","M","Study Phase",5040,"Recall1"
"M20333893_HRR","black","black","1",1,1,"Read","day","Study1","M","Study Phase",2490,"Recall1"
"M20333927NNN","week","black","0.2",0,1,"Read","day","Study1","M","Study Phase",4404,"Recall1"
"M20342347","play","black","0.4",0,1,"Read","day","Study1","M","Study Phase",3530,"Recall1"
"M20320231_MMS","nope","bang","0.25",0,1,"Read","fuzzy","Study1","U","Study Phase",2732,"Recall1"
"M20333893_HRR","","bang","0",0,1,"Read","fuzzy","Study1","U","Study Phase",1967,"Recall1"
"M20333927NNN","dog","bang","0.25",0,1,"Read","fuzzy","Study1","U","Study Phase",1491,"Recall1"
"M20342347","wuzzy","bang","0",0,1,"Read","fuzzy","Study1","U","Study Phase",1330,"Recall1"
"M20320231_MMS","take","steak","0.8",1,1,"Read","give","Study1","U","Study Phase",2332,"Recall1"
"M20333893_HRR","","steak","0",0,1,"Read","give","Study1","U","Study Phase",2057,"Recall1"
"M20333927NNN","","steak","0",0,1,"Read","give","Study1","U","Study Phase",1311,"Recall1"
"M20342347","take","steak","0.8",1,1,"Read","give","Study1","U","Study Phase",2243,"Recall1"
"M20320231_MMS","tack","ball","0.25",0,1,"Read","hard","Study1","M","Study Phase",3482,"Recall1"
"M20333893_HRR","","ball","0",0,1,"Read","hard","Study1","M","Study Phase",1956,"Recall1"
"M20333927NNN","ball","ball","1",1,1,"Read","hard","Study1","M","Study Phase",2043,"Recall1"
"M20342347","mart","ball","0.25",0,1,"Read","hard","Study1","M","Study Phase",1480,"Recall1"
"M20320231_MMS","guess","tire","0.2",0,1,"Read","horse","Study1","M","Study Phase",4202,"Recall1"
"M20333893_HRR","","tire","0",0,1,"Read","horse","Study1","M","Study Phase",2429,"Recall1"
"M20333927NNN","mule","tire","0.25",0,1,"Read","horse","Study1","M","Study Phase",892,"Recall1"
"M20342347","donkey","tire","0.166666666666667",0,1,"Read","horse","Study1","M","Study Phase",1445,"Recall1"
"M20320231_MMS","oral","clean","0.4",0,1,"Read","hygiene","Study1","F","Study Phase",2792,"Recall1"
"M20333893_HRR","clean","clean","1",1,1,"Read","hygiene","Study1","F","Study Phase",1883,"Recall1"
"M20333927NNN","shower","clean","0.166666666666667",0,1,"Read","hygiene","Study1","F","Study Phase",1322,"Recall1"
"M20342347","clean","clean","1",1,1,"Read","hygiene","Study1","F","Study Phase",2486,"Recall1"
"M20320231_MMS","pole","rod","0.25",0,1,"Read","keys","Study1","U","Study Phase",2380,"Recall1"
"M20333893_HRR","hand","rod","0.25",0,1,"Read","keys","Study1","U","Study Phase",3282,"Recall1"
"M20333927NNN","car","rod","0.333333333333333",0,1,"Read","keys","Study1","U","Study Phase",1296,"Recall1"
"M20342347","car","rod","0.333333333333333",0,1,"Read","keys","Study1","U","Study Phase",2717,"Recall1"
"M20320231_MMS","what","flag","0.25",0,1,"Read","lion","Study1","M","Study Phase",1425,"Recall1"
"M20333893_HRR","sign","flag","0.25",0,1,"Read","lion","Study1","M","Study Phase",2170,"Recall1"
"M20333927NNN","zoo","flag","0",0,1,"Read","lion","Study1","M","Study Phase",2097,"Recall1"
"M20342347","bear","flag","0.25",0,1,"Read","lion","Study1","M","Study Phase",2883,"Recall1"
"M20320231_MMS","nope","fiction","0.285714285714286",0,1,"Read","listen","Study1","U","Study Phase",11241,"Recall1"
"M20333893_HRR","","fiction","0",0,1,"Read","listen","Study1","U","Study Phase",1867,"Recall1"
"M20333927NNN","hear","fiction","0",0,1,"Read","listen","Study1","U","Study Phase",2677,"Recall1"
"M20342347","speak","fiction","0",0,1,"Read","listen","Study1","U","Study Phase",2010,"Recall1"
"M20320231_MMS","trash","trash","1",1,1,"Read","litter","Study1","F","Study Phase",3209,"Recall1"
"M20333893_HRR","","trash","0",0,1,"Read","litter","Study1","F","Study Phase",2066,"Recall1"
"M20333927NNN","cat","trash","0.4",0,1,"Read","litter","Study1","F","Study Phase",1598,"Recall1"
"M20342347","bitter","trash","0.333333333333333",0,1,"Read","litter","Study1","F","Study Phase",1486,"Recall1"
"M20320231_MMS","phone","phone","1",1,1,"Read","maze","Study1","U","Study Phase",3987,"Recall1"
"M20333893_HRR","phone","phone","1",1,1,"Read","maze","Study1","U","Study Phase",2803,"Recall1"
"M20333927NNN","phone","phone","1",1,1,"Read","maze","Study1","U","Study Phase",1379,"Recall1"
"M20342347","run","phone","0.2",0,1,"Read","maze","Study1","U","Study Phase",8847,"Recall1"
"M20320231_MMS","keys","keys","1",1,1,"Read","meat","Study1","U","Study Phase",3036,"Recall1"
"M20333893_HRR","keys","keys","1",1,1,"Read","meat","Study1","U","Study Phase",2247,"Recall1"
"M20333927NNN","raw","keys","0",0,1,"Read","meat","Study1","U","Study Phase",1130,"Recall1"
"M20342347","cook","keys","0.25",0,1,"Read","meat","Study1","U","Study Phase",3463,"Recall1"
"M20320231_MMS","maroon","maroon","1",1,1,"Read","mirror","Study1","U","Study Phase",4658,"Recall1"
"M20333893_HRR","","maroon","0",0,1,"Read","mirror","Study1","U","Study Phase",3128,"Recall1"
"M20333927NNN","gaze","maroon","0.166666666666667",0,1,"Read","mirror","Study1","U","Study Phase",1333,"Recall1"
"M20342347","car","maroon","0.333333333333333",0,1,"Read","mirror","Study1","U","Study Phase",7285,"Recall1"
"M20320231_MMS","donkey","donkey","1",1,1,"Read","mule","Study1","F","Study Phase",3024,"Recall1"
"M20320231_MMS","donkey","donkey","1",1,1,"Read","mule","Study1","F","Study Phase",4002,"Recall1"
"M20333893_HRR","donkey","donkey","1",1,1,"Read","mule","Study1","F","Study Phase",2026,"Recall1"
"M20333893_HRR","donkey","donkey","1",1,1,"Read","mule","Study1","F","Study Phase",1512,"Recall1"
"M20333927NNN","donkey","donkey","1",1,1,"Read","mule","Study1","F","Study Phase",1733,"Recall1"
"M20333927NNN","horse","donkey","0.333333333333333",0,1,"Read","mule","Study1","F","Study Phase",1024,"Recall1"
"M20342347","donkey","donkey","1",1,1,"Read","mule","Study1","F","Study Phase",1333,"Recall1"
"M20342347","donkey","donkey","1",1,1,"Read","mule","Study1","F","Study Phase",1331,"Recall1"
"M20320231_MMS","sleep","sleep","1",1,1,"Read","nap","Study1","F","Study Phase",4689,"Recall1"
"M20333893_HRR","sleep","sleep","1",1,1,"Read","nap","Study1","F","Study Phase",7637,"Recall1"
"M20333927NNN","sleep","sleep","1",1,1,"Read","nap","Study1","F","Study Phase",1494,"Recall1"
"M20342347","sleep","sleep","1",1,1,"Read","nap","Study1","F","Study Phase",2642,"Recall1"
"M20320231_MMS","flower","flower","1",1,1,"Read","orchid","Study1","F","Study Phase",41819,"Recall1"
"M20333893_HRR","flower","flower","1",1,1,"Read","orchid","Study1","F","Study Phase",1638,"Recall1"
"M20333927NNN","flower","flower","1",1,1,"Read","orchid","Study1","F","Study Phase",2490,"Recall1"
"M20342347","flower","flower","1",1,1,"Read","orchid","Study1","F","Study Phase",1955,"Recall1"
"M20320231_MMS","plant","plant","1",1,1,"Read","root","Study1","F","Study Phase",3131,"Recall1"
"M20333893_HRR","plant","plant","1",1,1,"Read","root","Study1","F","Study Phase",1842,"Recall1"
"M20333927NNN","tree","plant","0.2",0,1,"Read","root","Study1","F","Study Phase",1191,"Recall1"
"M20342347","","plant","0",0,1,"Read","root","Study1","F","Study Phase",1992,"Recall1"
"M20320231_MMS","skin","worm","0",0,1,"Read","rough","Study1","M","Study Phase",4172,"Recall1"
"M20333893_HRR","","worm","0",0,1,"Read","rough","Study1","M","Study Phase",1840,"Recall1"
"M20333927NNN","tough","worm","0.2",0,1,"Read","rough","Study1","M","Study Phase",1498,"Recall1"
"M20342347","mark","worm","0.5",0,1,"Read","rough","Study1","M","Study Phase",4999,"Recall1"
"M20320231_MMS","head","head","1",1,1,"Read","scalp","Study1","F","Study Phase",4081,"Recall1"
"M20333893_HRR","head","head","1",1,1,"Read","scalp","Study1","F","Study Phase",1559,"Recall1"
"M20333927NNN","root","head","0",0,1,"Read","scalp","Study1","F","Study Phase",1208,"Recall1"
"M20342347","head","head","1",1,1,"Read","scalp","Study1","F","Study Phase",4672,"Recall1"
"M20320231_MMS","shake","shake","1",1,1,"Read","shell","Study1","U","Study Phase",8535,"Recall1"
"M20333893_HRR","shake","shake","1",1,1,"Read","shell","Study1","U","Study Phase",2180,"Recall1"
"M20333927NNN","sea","shake","0.6",0,1,"Read","shell","Study1","U","Study Phase",2818,"Recall1"
"M20342347","see","shake","0.4",0,1,"Read","shell","Study1","U","Study Phase",1095,"Recall1"
"M20320231_MMS","root","tick","0.25",0,1,"Read","sign","Study1","U","Study Phase",2134,"Recall1"
"M20333893_HRR","","tick","0",0,1,"Read","sign","Study1","U","Study Phase",1812,"Recall1"
"M20333927NNN","tax","tick","0.25",0,1,"Read","sign","Study1","U","Study Phase",1223,"Recall1"
"M20342347","stop","tick","0.25",0,1,"Read","sign","Study1","U","Study Phase",3170,"Recall1"
"M20320231_MMS","drink","drink","1",1,1,"Read","sip","Study1","F","Study Phase",3272,"Recall1"
"M20333893_HRR","drink","drink","1",1,1,"Read","sip","Study1","F","Study Phase",1613,"Recall1"
"M20333927NNN","drink","drink","1",1,1,"Read","sip","Study1","F","Study Phase",1862,"Recall1"
"M20342347","tea","drink","0",0,1,"Read","sip","Study1","F","Study Phase",2033,"Recall1"
"M20320231_MMS","nope\","belt","0.2",0,1,"Read","soon","Study1","U","Study Phase",2171,"Recall1"
"M20333893_HRR","","belt","0",0,1,"Read","soon","Study1","U","Study Phase",2963,"Recall1"
"M20333927NNN","later","belt","0.6",0,1,"Read","soon","Study1","U","Study Phase",1354,"Recall1"
"M20342347","gone","belt","0.25",0,1,"Read","soon","Study1","U","Study Phase",937,"Recall1"
"M20320231_MMS","cloth","cloth","1",1,1,"Read","stretch","Study1","U","Study Phase",5554,"Recall1"
"M20333893_HRR","","cloth","0",0,1,"Read","stretch","Study1","U","Study Phase",3380,"Recall1"
"M20333927NNN","cloth","cloth","1",1,1,"Read","stretch","Study1","U","Study Phase",1741,"Recall1"
"M20342347","catch","cloth","0.6",0,1,"Read","stretch","Study1","U","Study Phase",4707,"Recall1"
"M20320231_MMS","bird","bird","1",1,1,"Read","swan","Study1","F","Study Phase",4208,"Recall1"
"M20333893_HRR","bird","bird","1",1,1,"Read","swan","Study1","F","Study Phase",1560,"Recall1"
"M20333927NNN","lak","bird","0",0,1,"Read","swan","Study1","F","Study Phase",1184,"Recall1"
"M20342347","bird","bird","1",1,1,"Read","swan","Study1","F","Study Phase",1067,"Recall1"
"M20320231_MMS","morning","morning","1",1,1,"Read","temperature","Study1","U","Study Phase",5677,"Recall1"
"M20333893_HRR","hot","morning","0.142857142857143",0,1,"Read","temperature","Study1","U","Study Phase",2085,"Recall1"
"M20333927NNN","sun","morning","0.142857142857143",0,1,"Read","temperature","Study1","U","Study Phase",1634,"Recall1"
"M20342347","high","morning","0.285714285714286",0,1,"Read","temperature","Study1","U","Study Phase",4503,"Recall1"
"M20320231_MMS","ache","comb","0.25",0,1,"Read","tooth","Study1","M","Study Phase",4438,"Recall1"
"M20333893_HRR","","comb","0",0,1,"Read","tooth","Study1","M","Study Phase",2593,"Recall1"
"M20333927NNN","ache","comb","0.25",0,1,"Read","tooth","Study1","M","Study Phase",1230,"Recall1"
"M20342347","ache","comb","0.25",0,1,"Read","tooth","Study1","M","Study Phase",1681,"Recall1"
"M20320231_MMS","trunk","pancakes","0.25",0,1,"Read","tree","Study1","M","Study Phase",2002,"Recall1"
"M20333893_HRR","green","pancakes","0.25",0,1,"Read","tree","Study1","M","Study Phase",3861,"Recall1"
"M20333927NNN","green","pancakes","0.25",0,1,"Read","tree","Study1","M","Study Phase",1461,"Recall1"
"M20342347","hut","pancakes","0",0,1,"Read","tree","Study1","M","Study Phase",1701,"Recall1"
"M20320231_MMS","fish","fish","1",1,1,"Read","tuna","Study1","F","Study Phase",1917,"Recall1"
"M20333893_HRR","fish","fish","1",1,1,"Read","tuna","Study1","F","Study Phase",1774,"Recall1"
"M20333927NNN","fish","fish","1",1,1,"Read","tuna","Study1","F","Study Phase",1100,"Recall1"
"M20342347","fish","fish","1",1,1,"Read","tuna","Study1","F","Study Phase",1602,"Recall1"
"M20320231_MMS","car","charm","0.6",0,1,"Read","vehicle","Study1","U","Study Phase",2224,"Recall1"
"M20333893_HRR","car","charm","0.6",0,1,"Read","vehicle","Study1","U","Study Phase",4343,"Recall1"
"M20333927NNN","dribe","charm","0.2",0,1,"Read","vehicle","Study1","U","Study Phase",2104,"Recall1"
"M20342347","car","charm","0.6",0,1,"Read","vehicle","Study1","U","Study Phase",2438,"Recall1"
"M20320231_MMS","money","money","1",1,1,"Read","wage","Study1","F","Study Phase",2626,"Recall1"
"M20333893_HRR","monkey","money","0.833333333333333",1,1,"Read","wage","Study1","F","Study Phase",2011,"Recall1"
"M20333927NNN","war","money","0",0,1,"Read","wage","Study1","F","Study Phase",1497,"Recall1"
"M20342347","money","money","1",1,1,"Read","wage","Study1","F","Study Phase",1790,"Recall1"
"M20320231_MMS","loud","loud","1",1,1,"Read","war","Study1","M","Study Phase",2601,"Recall1"
"M20333893_HRR","","loud","0",0,1,"Read","war","Study1","M","Study Phase",2070,"Recall1"
"M20333927NNN","fight","loud","0",0,1,"Read","war","Study1","M","Study Phase",2088,"Recall1"
"M20342347","zone ","loud","0.2",0,1,"Read","war","Study1","M","Study Phase",1885,"Recall1"
"M20320231_MMS","hand","hand","1",1,1,"Read","wedding","Study1","M","Study Phase",10237,"Recall1"
"M20333893_HRR","hand","hand","1",1,1,"Read","wedding","Study1","M","Study Phase",1666,"Recall1"
"M20333927NNN","cake","hand","0.25",0,1,"Read","wedding","Study1","M","Study Phase",1495,"Recall1"
"M20342347","cake","hand","0.25",0,1,"Read","wedding","Study1","M","Study Phase",6689,"Recall1"
"M20320231_MMS","sentence","sentence","1",1,1,"Read","word","Study1","F","Study Phase",5742,"Recall1"
"M20333893_HRR","","sentence","0",0,1,"Read","word","Study1","F","Study Phase",1779,"Recall1"
"M20333927NNN","bank","sentence","0.125",0,1,"Read","word","Study1","F","Study Phase",1316,"Recall1"
"M20342347","cure","sentence","0.25",0,1,"Read","word","Study1","F","Study Phase",1782,"Recall1"
"M20283871","","love","0",0,3,"Read","affection","Study1","F","Study Phase2",372,"Recall2"
"M20321818MN","love","love","1",1,3,"Read","affection","Study1","F","Study Phase2",3106,"Recall2"
"M20321883KO","love","love","1",1,3,"Read","affection","Study1","F","Study Phase2",2355,"Recall2"
"M20335622WDl","love","love","1",1,3,"Read","affection","Study1","F","Study Phase2",801,"Recall2"
"M20340215MGW","love","love","1",1,3,"Read","affection","Study1","F","Study Phase2",1558,"Recall2"
"M20283871","","jump","0",0,3,"Read","bat","Study1","M","Study Phase2",582,"Recall2"
"M20321818MN","jump","jump","1",1,3,"Read","bat","Study1","M","Study Phase2",2635,"Recall2"
"M20321883KO","jump","jump","1",1,3,"Read","bat","Study1","M","Study Phase2",2057,"Recall2"
"M20335622WDl","cave","jump","0",0,3,"Read","bat","Study1","M","Study Phase2",2332,"Recall2"
"M20340215MGW","","jump","0",0,3,"Read","bat","Study1","M","Study Phase2",1974,"Recall2"
"M20283871","water","square","0.5",0,3,"Read","beach","Study1","M","Study Phase2",1015,"Recall2"
"M20321818MN","","square","0",0,3,"Read","beach","Study1","M","Study Phase2",3193,"Recall2"
"M20321883KO","circle","square","0.333333333333333",0,3,"Read","beach","Study1","M","Study Phase2",3784,"Recall2"
"M20335622WDl","ocean","square","0.333333333333333",0,3,"Read","beach","Study1","M","Study Phase2",23848,"Recall2"
"M20340215MGW","square","square","1",1,3,"Read","beach","Study1","M","Study Phase2",3326,"Recall2"
"M20283871","cake","apple","0.4",0,3,"Read","birthday","Study1","M","Study Phase2",432,"Recall2"
"M20321818MN","","apple","0",0,3,"Read","birthday","Study1","M","Study Phase2",3728,"Recall2"
"M20321883KO","cake","apple","0.4",0,3,"Read","birthday","Study1","M","Study Phase2",1637,"Recall2"
"M20335622WDl","cake","apple","0.4",0,3,"Read","birthday","Study1","M","Study Phase2",3283,"Recall2"
"M20340215MGW","can","apple","0.2",0,3,"Read","birthday","Study1","M","Study Phase2",3648,"Recall2"
"M20283871","birthday","hand","0.375",0,3,"Read","cake","Study1","U","Study Phase2",1348,"Recall2"
"M20321818MN","hand","hand","1",1,3,"Read","cake","Study1","U","Study Phase2",3217,"Recall2"
"M20321883KO","","hand","0",0,3,"Read","cake","Study1","U","Study Phase2",2339,"Recall2"
"M20335622WDl","sweet","hand","0",0,3,"Read","cake","Study1","U","Study Phase2",2449,"Recall2"
"M20340215MGW","hand","hand","1",1,3,"Read","cake","Study1","U","Study Phase2",2488,"Recall2"
"M20283871","","rug","0",0,3,"Read","ceiling","Study1","M","Study Phase2",556,"Recall2"
"M20321818MN","rug","rug","1",1,3,"Read","ceiling","Study1","M","Study Phase2",3242,"Recall2"
"M20321883KO","rug","rug","1",1,3,"Read","ceiling","Study1","M","Study Phase2",3038,"Recall2"
"M20335622WDl","rough","rug","0.6",0,3,"Read","ceiling","Study1","M","Study Phase2",3305,"Recall2"
"M20340215MGW","fan","rug","0",0,3,"Read","ceiling","Study1","M","Study Phase2",2415,"Recall2"
"M20283871","","fun","0",0,3,"Read","circle","Study1","M","Study Phase2",758,"Recall2"
"M20321818MN","happy","fun","0",0,3,"Read","circle","Study1","M","Study Phase2",3236,"Recall2"
"M20321883KO","beach","fun","0",0,3,"Read","circle","Study1","M","Study Phase2",2287,"Recall2"
"M20335622WDl","round","fun","0.4",0,3,"Read","circle","Study1","M","Study Phase2",1158,"Recall2"
"M20340215MGW","","fun","0",0,3,"Read","circle","Study1","M","Study Phase2",2894,"Recall2"
"M20283871","","election","0",0,3,"Read","crackle","Study1","U","Study Phase2",548,"Recall2"
"M20321818MN","","election","0",0,3,"Read","crackle","Study1","U","Study Phase2",3583,"Recall2"
"M20321883KO","","election","0",0,3,"Read","crackle","Study1","U","Study Phase2",5195,"Recall2"
"M20335622WDl","laugh","election","0.125",0,3,"Read","crackle","Study1","U","Study Phase2",1871,"Recall2"
"M20340215MGW","election","election","1",1,3,"Read","crackle","Study1","U","Study Phase2",5787,"Recall2"
"M20283871","","card","0",0,3,"Read","credit","Study1","F","Study Phase2",398,"Recall2"
"M20321818MN","card","card","1",1,3,"Read","credit","Study1","F","Study Phase2",3070,"Recall2"
"M20321883KO","card","card","1",1,3,"Read","credit","Study1","F","Study Phase2",1335,"Recall2"
"M20335622WDl","card","card","1",1,3,"Read","credit","Study1","F","Study Phase2",1669,"Recall2"
"M20340215MGW","","card","0",0,3,"Read","credit","Study1","F","Study Phase2",1442,"Recall2"
"M20283871","","beer","0",0,3,"Read","cry","Study1","M","Study Phase2",1351,"Recall2"
"M20321818MN","","beer","0",0,3,"Read","cry","Study1","M","Study Phase2",2615,"Recall2"
"M20321883KO","","beer","0",0,3,"Read","cry","Study1","M","Study Phase2",2554,"Recall2"
"M20335622WDl","tears","beer","0.4",0,3,"Read","cry","Study1","M","Study Phase2",2251,"Recall2"
"M20340215MGW","beer","beer","1",1,3,"Read","cry","Study1","M","Study Phase2",3946,"Recall2"
"M20283871","night","black","0",0,3,"Read","day","Study1","M","Study Phase2",2981,"Recall2"
"M20321818MN","month","black","0",0,3,"Read","day","Study1","M","Study Phase2",3105,"Recall2"
"M20321883KO","","black","0",0,3,"Read","day","Study1","M","Study Phase2",2163,"Recall2"
"M20335622WDl","night","black","0",0,3,"Read","day","Study1","M","Study Phase2",55474,"Recall2"
"M20340215MGW","black","black","1",1,3,"Read","day","Study1","M","Study Phase2",7840,"Recall2"
"M20283871","","bang","0",0,3,"Read","fuzzy","Study1","U","Study Phase2",682,"Recall2"
"M20321818MN","","bang","0",0,3,"Read","fuzzy","Study1","U","Study Phase2",3519,"Recall2"
"M20321883KO","","bang","0",0,3,"Read","fuzzy","Study1","U","Study Phase2",2258,"Recall2"
"M20335622WDl","fluffy","bang","0",0,3,"Read","fuzzy","Study1","U","Study Phase2",1250,"Recall2"
"M20340215MGW","bang","bang","1",1,3,"Read","fuzzy","Study1","U","Study Phase2",6640,"Recall2"
"M20283871","","steak","0",0,3,"Read","give","Study1","U","Study Phase2",416,"Recall2"
"M20321818MN","","steak","0",0,3,"Read","give","Study1","U","Study Phase2",5465,"Recall2"
"M20321883KO","","steak","0",0,3,"Read","give","Study1","U","Study Phase2",3372,"Recall2"
"M20335622WDl","gave","steak","0.4",0,3,"Read","give","Study1","U","Study Phase2",1242,"Recall2"
"M20340215MGW","meat","steak","0.6",0,3,"Read","give","Study1","U","Study Phase2",1811,"Recall2"
"M20283871","","ball","0",0,3,"Read","hard","Study1","M","Study Phase2",539,"Recall2"
"M20321818MN","","ball","0",0,3,"Read","hard","Study1","M","Study Phase2",3064,"Recall2"
"M20321883KO","","ball","0",0,3,"Read","hard","Study1","M","Study Phase2",1888,"Recall2"
"M20335622WDl","soft","ball","0",0,3,"Read","hard","Study1","M","Study Phase2",2728,"Recall2"
"M20340215MGW","ball","ball","1",1,3,"Read","hard","Study1","M","Study Phase2",3520,"Recall2"
"M20283871","mule","tire","0.25",0,3,"Read","horse","Study1","M","Study Phase2",831,"Recall2"
"M20321818MN","tire","tire","1",1,3,"Read","horse","Study1","M","Study Phase2",3087,"Recall2"
"M20321883KO","tire","tire","1",1,3,"Read","horse","Study1","M","Study Phase2",2686,"Recall2"
"M20335622WDl","animal","tire","0.166666666666667",0,3,"Read","horse","Study1","M","Study Phase2",4487,"Recall2"
"M20340215MGW","mule","tire","0.25",0,3,"Read","horse","Study1","M","Study Phase2",3803,"Recall2"
"M20283871","clean","clean","1",1,3,"Read","hygiene","Study1","F","Study Phase2",716,"Recall2"
"M20321818MN","clean","clean","1",1,3,"Read","hygiene","Study1","F","Study Phase2",2935,"Recall2"
"M20321883KO","clean","clean","1",1,3,"Read","hygiene","Study1","F","Study Phase2",1379,"Recall2"
"M20335622WDl","clean","clean","1",1,3,"Read","hygiene","Study1","F","Study Phase2",2668,"Recall2"
"M20340215MGW","shower","clean","0.166666666666667",0,3,"Read","hygiene","Study1","F","Study Phase2",2665,"Recall2"
"M20283871","","rod","0",0,3,"Read","keys","Study1","U","Study Phase2",563,"Recall2"
"M20321818MN","","rod","0",0,3,"Read","keys","Study1","U","Study Phase2",3002,"Recall2"
"M20321883KO","meat","rod","0",0,3,"Read","keys","Study1","U","Study Phase2",4284,"Recall2"
"M20335622WDl","lock","rod","0.25",0,3,"Read","keys","Study1","U","Study Phase2",122476,"Recall2"
"M20340215MGW","rod","rod","1",1,3,"Read","keys","Study1","U","Study Phase2",1780,"Recall2"
"M20283871","","flag","0",0,3,"Read","lion","Study1","M","Study Phase2",991,"Recall2"
"M20321818MN","","flag","0",0,3,"Read","lion","Study1","M","Study Phase2",3343,"Recall2"
"M20321883KO","flag","flag","1",1,3,"Read","lion","Study1","M","Study Phase2",4203,"Recall2"
"M20335622WDl","king","flag","0.25",0,3,"Read","lion","Study1","M","Study Phase2",6536,"Recall2"
"M20340215MGW","","flag","0",0,3,"Read","lion","Study1","M","Study Phase2",2856,"Recall2"
"M20283871","","fiction","0",0,3,"Read","listen","Study1","U","Study Phase2",263,"Recall2"
"M20321818MN","","fiction","0",0,3,"Read","listen","Study1","U","Study Phase2",4282,"Recall2"
"M20321883KO","","fiction","0",0,3,"Read","listen","Study1","U","Study Phase2",1923,"Recall2"
"M20335622WDl","hear","fiction","0",0,3,"Read","listen","Study1","U","Study Phase2",1213,"Recall2"
"M20340215MGW","","fiction","0",0,3,"Read","listen","Study1","U","Study Phase2",1755,"Recall2"
"M20283871","cat","trash","0.4",0,3,"Read","litter","Study1","F","Study Phase2",660,"Recall2"
"M20321818MN","","trash","0",0,3,"Read","litter","Study1","F","Study Phase2",3341,"Recall2"
"M20321883KO","trash","trash","1",1,3,"Read","litter","Study1","F","Study Phase2",2577,"Recall2"
"M20335622WDl","trash","trash","1",1,3,"Read","litter","Study1","F","Study Phase2",1305,"Recall2"
"M20340215MGW","","trash","0",0,3,"Read","litter","Study1","F","Study Phase2",1845,"Recall2"
"M20283871","","phone","0",0,3,"Read","maze","Study1","U","Study Phase2",404,"Recall2"
"M20321818MN","trail","phone","0",0,3,"Read","maze","Study1","U","Study Phase2",3763,"Recall2"
"M20321883KO","phone","phone","1",1,3,"Read","maze","Study1","U","Study Phase2",3183,"Recall2"
"M20335622WDl","solve","phone","0.4",0,3,"Read","maze","Study1","U","Study Phase2",1330,"Recall2"
"M20340215MGW","phone","phone","1",1,3,"Read","maze","Study1","U","Study Phase2",6666,"Recall2"
"M20283871","","keys","0",0,3,"Read","meat","Study1","U","Study Phase2",439,"Recall2"
"M20321818MN","","keys","0",0,3,"Read","meat","Study1","U","Study Phase2",3200,"Recall2"
"M20321883KO","key","keys","0.75",1,3,"Read","meat","Study1","U","Study Phase2",3113,"Recall2"
"M20335622WDl","food","keys","0",0,3,"Read","meat","Study1","U","Study Phase2",1291,"Recall2"
"M20340215MGW","keys","keys","1",1,3,"Read","meat","Study1","U","Study Phase2",2678,"Recall2"
"M20283871","","maroon","0",0,3,"Read","mirror","Study1","U","Study Phase2",121,"Recall2"
"M20321818MN","","maroon","0",0,3,"Read","mirror","Study1","U","Study Phase2",3255,"Recall2"
"M20321883KO","maroon","maroon","1",1,3,"Read","mirror","Study1","U","Study Phase2",2207,"Recall2"
"M20335622WDl","maroon","maroon","1",1,3,"Read","mirror","Study1","U","Study Phase2",25501,"Recall2"
"M20340215MGW","maroon","maroon","1",1,3,"Read","mirror","Study1","U","Study Phase2",1710,"Recall2"
"M20283871","donkey","donkey","1",1,3,"Read","mule","Study1","F","Study Phase2",629,"Recall2"
"M20283871","donkey","donkey","1",1,3,"Read","mule","Study1","F","Study Phase2",750,"Recall2"
"M20321818MN","donkey","donkey","1",1,3,"Read","mule","Study1","F","Study Phase2",3432,"Recall2"
"M20321818MN","donkey","donkey","1",1,3,"Read","mule","Study1","F","Study Phase2",2906,"Recall2"
"M20321883KO","donkey","donkey","1",1,3,"Read","mule","Study1","F","Study Phase2",1288,"Recall2"
"M20321883KO","donkey","donkey","1",1,3,"Read","mule","Study1","F","Study Phase2",1588,"Recall2"
"M20335622WDl","donkey","donkey","1",1,3,"Read","mule","Study1","F","Study Phase2",2701,"Recall2"
"M20335622WDl","donkey","donkey","1",1,3,"Read","mule","Study1","F","Study Phase2",2087,"Recall2"
"M20340215MGW","donkey","donkey","1",1,3,"Read","mule","Study1","F","Study Phase2",1489,"Recall2"
"M20340215MGW","donkey","donkey","1",1,3,"Read","mule","Study1","F","Study Phase2",1082,"Recall2"
"M20283871","","sleep","0",0,3,"Read","nap","Study1","F","Study Phase2",449,"Recall2"
"M20321818MN","sleep","sleep","1",1,3,"Read","nap","Study1","F","Study Phase2",2542,"Recall2"
"M20321883KO","sleep","sleep","1",1,3,"Read","nap","Study1","F","Study Phase2",2554,"Recall2"
"M20335622WDl","sleep","sleep","1",1,3,"Read","nap","Study1","F","Study Phase2",2089,"Recall2"
"M20340215MGW","sleep","sleep","1",1,3,"Read","nap","Study1","F","Study Phase2",5889,"Recall2"
"M20283871","tree","flower","0.333333333333333",0,3,"Read","orchid","Study1","F","Study Phase2",263,"Recall2"
"M20321818MN","flower","flower","1",1,3,"Read","orchid","Study1","F","Study Phase2",2716,"Recall2"
"M20321883KO","flower","flower","1",1,3,"Read","orchid","Study1","F","Study Phase2",1212,"Recall2"
"M20335622WDl","flower","flower","1",1,3,"Read","orchid","Study1","F","Study Phase2",3020,"Recall2"
"M20340215MGW","flower","flower","1",1,3,"Read","orchid","Study1","F","Study Phase2",1936,"Recall2"
"M20283871","","plant","0",0,3,"Read","root","Study1","F","Study Phase2",396,"Recall2"
"M20321818MN","plant","plant","1",1,3,"Read","root","Study1","F","Study Phase2",2984,"Recall2"
"M20321883KO","plant","plant","1",1,3,"Read","root","Study1","F","Study Phase2",1866,"Recall2"
"M20335622WDl","tree","plant","0.2",0,3,"Read","root","Study1","F","Study Phase2",2199,"Recall2"
"M20340215MGW","plant","plant","1",1,3,"Read","root","Study1","F","Study Phase2",4854,"Recall2"
"M20283871","","worm","0",0,3,"Read","rough","Study1","M","Study Phase2",2619,"Recall2"
"M20321818MN","","worm","0",0,3,"Read","rough","Study1","M","Study Phase2",3349,"Recall2"
"M20321883KO","","worm","0",0,3,"Read","rough","Study1","M","Study Phase2",3829,"Recall2"
"M20335622WDl","rug","worm","0.25",0,3,"Read","rough","Study1","M","Study Phase2",1836,"Recall2"
"M20340215MGW","","worm","0",0,3,"Read","rough","Study1","M","Study Phase2",3700,"Recall2"
"M20283871","","head","0",0,3,"Read","scalp","Study1","F","Study Phase2",689,"Recall2"
"M20321818MN","head","head","1",1,3,"Read","scalp","Study1","F","Study Phase2",2952,"Recall2"
"M20321883KO","head","head","1",1,3,"Read","scalp","Study1","F","Study Phase2",3024,"Recall2"
"M20335622WDl","head","head","1",1,3,"Read","scalp","Study1","F","Study Phase2",6121,"Recall2"
"M20340215MGW","","head","0",0,3,"Read","scalp","Study1","F","Study Phase2",1973,"Recall2"
"M20283871","fish","shake","0.4",0,3,"Read","shell","Study1","U","Study Phase2",734,"Recall2"
"M20321818MN","shake","shake","1",1,3,"Read","shell","Study1","U","Study Phase2",3015,"Recall2"
"M20321883KO","shock","shake","0.6",0,3,"Read","shell","Study1","U","Study Phase2",1485,"Recall2"
"M20335622WDl","pour","shake","0",0,3,"Read","shell","Study1","U","Study Phase2",1609,"Recall2"
"M20340215MGW","shack","shake","0.8",1,3,"Read","shell","Study1","U","Study Phase2",3969,"Recall2"
"M20283871","house","tick","0",0,3,"Read","sign","Study1","U","Study Phase2",409,"Recall2"
"M20321818MN","","tick","0",0,3,"Read","sign","Study1","U","Study Phase2",3065,"Recall2"
"M20321883KO","","tick","0",0,3,"Read","sign","Study1","U","Study Phase2",4436,"Recall2"
"M20335622WDl","stop","tick","0.25",0,3,"Read","sign","Study1","U","Study Phase2",86458,"Recall2"
"M20340215MGW","","tick","0",0,3,"Read","sign","Study1","U","Study Phase2",2440,"Recall2"
"M20283871","","drink","0",0,3,"Read","sip","Study1","F","Study Phase2",383,"Recall2"
"M20321818MN","drink","drink","1",1,3,"Read","sip","Study1","F","Study Phase2",2661,"Recall2"
"M20321883KO","","drink","0",0,3,"Read","sip","Study1","F","Study Phase2",2293,"Recall2"
"M20335622WDl","drink","drink","1",1,3,"Read","sip","Study1","F","Study Phase2",6375,"Recall2"
"M20340215MGW","drink","drink","1",1,3,"Read","sip","Study1","F","Study Phase2",1789,"Recall2"
"M20283871","","belt","0",0,3,"Read","soon","Study1","U","Study Phase2",1561,"Recall2"
"M20321818MN","belt","belt","1",1,3,"Read","soon","Study1","U","Study Phase2",3322,"Recall2"
"M20321883KO","","belt","0",0,3,"Read","soon","Study1","U","Study Phase2",2695,"Recall2"
"M20335622WDl","later","belt","0.6",0,3,"Read","soon","Study1","U","Study Phase2",2196,"Recall2"
"M20340215MGW","","belt","0",0,3,"Read","soon","Study1","U","Study Phase2",1643,"Recall2"
"M20283871","","cloth","0",0,3,"Read","stretch","Study1","U","Study Phase2",686,"Recall2"
"M20321818MN","","cloth","0",0,3,"Read","stretch","Study1","U","Study Phase2",3813,"Recall2"
"M20321883KO","cloth","cloth","1",1,3,"Read","stretch","Study1","U","Study Phase2",1850,"Recall2"
"M20335622WDl","loose","cloth","0.4",0,3,"Read","stretch","Study1","U","Study Phase2",2206,"Recall2"
"M20340215MGW","","cloth","0",0,3,"Read","stretch","Study1","U","Study Phase2",6038,"Recall2"
"M20283871","","bird","0",0,3,"Read","swan","Study1","F","Study Phase2",378,"Recall2"
"M20321818MN","bird","bird","1",1,3,"Read","swan","Study1","F","Study Phase2",2777,"Recall2"
"M20321883KO","bird","bird","1",1,3,"Read","swan","Study1","F","Study Phase2",1556,"Recall2"
"M20335622WDl","lake","bird","0",0,3,"Read","swan","Study1","F","Study Phase2",4650,"Recall2"
"M20340215MGW","goose","bird","0",0,3,"Read","swan","Study1","F","Study Phase2",3347,"Recall2"
"M20283871","","morning","0",0,3,"Read","temperature","Study1","U","Study Phase2",225,"Recall2"
"M20321818MN","morning","morning","1",1,3,"Read","temperature","Study1","U","Study Phase2",3273,"Recall2"
"M20321883KO","morning","morning","1",1,3,"Read","temperature","Study1","U","Study Phase2",2903,"Recall2"
"M20335622WDl","morning","morning","1",1,3,"Read","temperature","Study1","U","Study Phase2",1574,"Recall2"
"M20340215MGW","morning","morning","1",1,3,"Read","temperature","Study1","U","Study Phase2",7834,"Recall2"
"M20283871","decay","comb","0.2",0,3,"Read","tooth","Study1","M","Study Phase2",642,"Recall2"
"M20321818MN","","comb","0",0,3,"Read","tooth","Study1","M","Study Phase2",3346,"Recall2"
"M20321883KO","comb","comb","1",1,3,"Read","tooth","Study1","M","Study Phase2",1931,"Recall2"
"M20335622WDl","teeth","comb","0",0,3,"Read","tooth","Study1","M","Study Phase2",1712,"Recall2"
"M20340215MGW","","comb","0",0,3,"Read","tooth","Study1","M","Study Phase2",3062,"Recall2"
"M20283871","branch","pancakes","0.375",0,3,"Read","tree","Study1","M","Study Phase2",781,"Recall2"
"M20321818MN","green","pancakes","0.25",0,3,"Read","tree","Study1","M","Study Phase2",3003,"Recall2"
"M20321883KO","green","pancakes","0.25",0,3,"Read","tree","Study1","M","Study Phase2",5734,"Recall2"
"M20335622WDl","green","pancakes","0.25",0,3,"Read","tree","Study1","M","Study Phase2",11075,"Recall2"
"M20340215MGW","green","pancakes","0.25",0,3,"Read","tree","Study1","M","Study Phase2",2730,"Recall2"
"M20283871","","fish","0",0,3,"Read","tuna","Study1","F","Study Phase2",1927,"Recall2"
"M20321818MN","fish","fish","1",1,3,"Read","tuna","Study1","F","Study Phase2",2785,"Recall2"
"M20321883KO","fish","fish","1",1,3,"Read","tuna","Study1","F","Study Phase2",1383,"Recall2"
"M20335622WDl","fish","fish","1",1,3,"Read","tuna","Study1","F","Study Phase2",1189,"Recall2"
"M20340215MGW","fish","fish","1",1,3,"Read","tuna","Study1","F","Study Phase2",1580,"Recall2"
"M20283871","car","charm","0.6",0,3,"Read","vehicle","Study1","U","Study Phase2",591,"Recall2"
"M20321818MN","","charm","0",0,3,"Read","vehicle","Study1","U","Study Phase2",3177,"Recall2"
"M20321883KO","happy","charm","0.4",0,3,"Read","vehicle","Study1","U","Study Phase2",1708,"Recall2"
"M20335622WDl","car","charm","0.6",0,3,"Read","vehicle","Study1","U","Study Phase2",45059,"Recall2"
"M20340215MGW","","charm","0",0,3,"Read","vehicle","Study1","U","Study Phase2",6202,"Recall2"
"M20283871","","money","0",0,3,"Read","wage","Study1","F","Study Phase2",315,"Recall2"
"M20321818MN","money","money","1",1,3,"Read","wage","Study1","F","Study Phase2",2953,"Recall2"
"M20321883KO","money","money","1",1,3,"Read","wage","Study1","F","Study Phase2",2316,"Recall2"
"M20335622WDl","money","money","1",1,3,"Read","wage","Study1","F","Study Phase2",3251,"Recall2"
"M20340215MGW","money","money","1",1,3,"Read","wage","Study1","F","Study Phase2",1580,"Recall2"
"M20283871","","loud","0",0,3,"Read","war","Study1","M","Study Phase2",269,"Recall2"
"M20321818MN","","loud","0",0,3,"Read","war","Study1","M","Study Phase2",2940,"Recall2"
"M20321883KO","loud","loud","1",1,3,"Read","war","Study1","M","Study Phase2",1658,"Recall2"
"M20335622WDl","machine","loud","0",0,3,"Read","war","Study1","M","Study Phase2",1622,"Recall2"
"M20340215MGW","loud","loud","1",1,3,"Read","war","Study1","M","Study Phase2",8548,"Recall2"
"M20283871","","hand","0",0,3,"Read","wedding","Study1","M","Study Phase2",480,"Recall2"
"M20321818MN","","hand","0",0,3,"Read","wedding","Study1","M","Study Phase2",4123,"Recall2"
"M20321883KO","hand","hand","1",1,3,"Read","wedding","Study1","M","Study Phase2",1967,"Recall2"
"M20335622WDl","happy","hand","0.4",0,3,"Read","wedding","Study1","M","Study Phase2",10019,"Recall2"
"M20340215MGW","","hand","0",0,3,"Read","wedding","Study1","M","Study Phase2",5570,"Recall2"
"M20283871","","sentence","0",0,3,"Read","word","Study1","F","Study Phase2",502,"Recall2"
"M20321818MN","sentence","sentence","1",1,3,"Read","word","Study1","F","Study Phase2",3402,"Recall2"
"M20321883KO","sentence","sentence","1",1,3,"Read","word","Study1","F","Study Phase2",1710,"Recall2"
"M20335622WDl","soft","sentence","0.25",0,3,"Read","word","Study1","F","Study Phase2",2902,"Recall2"
"M20340215MGW","","sentence","0",0,3,"Read","word","Study1","F","Study Phase2",2193,"Recall2"
"M20320231_MMS","wolf","wolf","1",1,1,"Read","art","Study2","U","Study Phase2",7963,"Recall2"
"M20333893_HRR","","wolf","0",0,1,"Read","art","Study2","U","Study Phase2",2219,"Recall2"
"M20333927NNN","paint","wolf","0",0,1,"Read","art","Study2","U","Study Phase2",1349,"Recall2"
"M20342347","wall","wolf","0.5",0,1,"Read","art","Study2","U","Study Phase2",3745,"Recall2"
"M20320231_MMS","bronze","bronze","1",1,1,"Read","artery","Study2","U","Study Phase2",3533,"Recall2"
"M20333893_HRR","bronze","bronze","1",1,1,"Read","artery","Study2","U","Study Phase2",2786,"Recall2"
"M20333927NNN","bronze","bronze","1",1,1,"Read","artery","Study2","U","Study Phase2",2404,"Recall2"
"M20342347","heart","bronze","0.333333333333333",0,1,"Read","artery","Study2","U","Study Phase2",2882,"Recall2"
"M20320231_MMS","clothes","clothes","1",1,1,"Read","attire","Study2","F","Study Phase2",5575,"Recall2"
"M20333893_HRR","","clothes","0",0,1,"Read","attire","Study2","F","Study Phase2",2717,"Recall2"
"M20333927NNN","clothing","clothes","0.625",0,1,"Read","attire","Study2","F","Study Phase2",1891,"Recall2"
"M20342347","wear","clothes","0.142857142857143",0,1,"Read","attire","Study2","F","Study Phase2",2656,"Recall2"
"M20320231_MMS","beach","horn","0.2",0,1,"Read","bench","Study2","U","Study Phase2",3132,"Recall2"
"M20333893_HRR","","horn","0",0,1,"Read","bench","Study2","U","Study Phase2",2812,"Recall2"
"M20333927NNN","warm","horn","0.25",0,1,"Read","bench","Study2","U","Study Phase2",1979,"Recall2"
"M20342347","stench ","horn","0.285714285714286",0,1,"Read","bench","Study2","U","Study Phase2",2439,"Recall2"
"M20320231_MMS","fire","fire","1",1,1,"Read","blaze","Study2","F","Study Phase2",3696,"Recall2"
"M20333893_HRR","","fire","0",0,1,"Read","blaze","Study2","F","Study Phase2",1692,"Recall2"
"M20333927NNN","heat","fire","0.25",0,1,"Read","blaze","Study2","F","Study Phase2",1573,"Recall2"
"M20342347","taze ","fire","0.2",0,1,"Read","blaze","Study2","F","Study Phase2",1909,"Recall2"
"M20320231_MMS","ounce","ounce","1",1,1,"Read","both","Study2","U","Study Phase2",3567,"Recall2"
"M20333893_HRR","","ounce","0",0,1,"Read","both","Study2","U","Study Phase2",2566,"Recall2"
"M20333927NNN","one","ounce","0.6",0,1,"Read","both","Study2","U","Study Phase2",2032,"Recall2"
"M20342347","groan ","ounce","0.333333333333333",0,1,"Read","both","Study2","U","Study Phase2",2119,"Recall2"
"M20320231_MMS","water","water","1",1,1,"Read","bridge","Study2","F","Study Phase2",3200,"Recall2"
"M20333893_HRR","","water","0",0,1,"Read","bridge","Study2","F","Study Phase2",2225,"Recall2"
"M20333927NNN","cross","water","0.2",0,1,"Read","bridge","Study2","F","Study Phase2",1647,"Recall2"
"M20342347","cage","water","0.4",0,1,"Read","bridge","Study2","F","Study Phase2",782,"Recall2"
"M20320231_MMS","plant","plant","1",1,1,"Read","cactus","Study2","F","Study Phase2",2397,"Recall2"
"M20333893_HRR","","plant","0",0,1,"Read","cactus","Study2","F","Study Phase2",3366,"Recall2"
"M20333927NNN","plant","plant","1",1,1,"Read","cactus","Study2","F","Study Phase2",1654,"Recall2"
"M20342347","cacti ","plant","0.333333333333333",0,1,"Read","cactus","Study2","F","Study Phase2",921,"Recall2"
"M20320231_MMS","leg","leg","1",1,1,"Read","cash","Study2","U","Study Phase2",24770,"Recall2"
"M20333893_HRR","","leg","0",0,1,"Read","cash","Study2","U","Study Phase2",1981,"Recall2"
"M20333927NNN","loan","leg","0.25",0,1,"Read","cash","Study2","U","Study Phase2",1505,"Recall2"
"M20342347","stash ","leg","0",0,1,"Read","cash","Study2","U","Study Phase2",1891,"Recall2"
"M20320231_MMS","red","red","1",1,1,"Read","cherry","Study2","F","Study Phase2",1661,"Recall2"
"M20333893_HRR","red","red","1",1,1,"Read","cherry","Study2","F","Study Phase2",1383,"Recall2"
"M20333927NNN","red","red","1",1,1,"Read","cherry","Study2","F","Study Phase2",1650,"Recall2"
"M20342347","red","red","1",1,1,"Read","cherry","Study2","F","Study Phase2",5877,"Recall2"
"M20320231_MMS","cold","cold","1",1,1,"Read","chill","Study2","F","Study Phase2",2648,"Recall2"
"M20333893_HRR","cold","cold","1",1,1,"Read","chill","Study2","F","Study Phase2",1477,"Recall2"
"M20333927NNN","cold","cold","1",1,1,"Read","chill","Study2","F","Study Phase2",1426,"Recall2"
"M20342347","mill","cold","0.25",0,1,"Read","chill","Study2","F","Study Phase2",2056,"Recall2"
"M20320231_MMS","hammer","hammer","1",1,1,"Read","chisel","Study2","F","Study Phase2",4841,"Recall2"
"M20333893_HRR","","hammer","0",0,1,"Read","chisel","Study2","F","Study Phase2",1549,"Recall2"
"M20333927NNN","leg","hammer","0.166666666666667",0,1,"Read","chisel","Study2","F","Study Phase2",2245,"Recall2"
"M20342347","misel ","hammer","0.333333333333333",0,1,"Read","chisel","Study2","F","Study Phase2",1914,"Recall2"
"M20320231_MMS","cut","cut","1",1,1,"Read","chop","Study2","F","Study Phase2",6343,"Recall2"
"M20333893_HRR","cut","cut","1",1,1,"Read","chop","Study2","F","Study Phase2",2064,"Recall2"
"M20333927NNN","cut","cut","1",1,1,"Read","chop","Study2","F","Study Phase2",1481,"Recall2"
"M20342347","shoot","cut","0.2",0,1,"Read","chop","Study2","F","Study Phase2",965,"Recall2"
"M20320231_MMS","business","business","1",1,1,"Read","death","Study2","U","Study Phase2",2610,"Recall2"
"M20333893_HRR","business","business","1",1,1,"Read","death","Study2","U","Study Phase2",4300,"Recall2"
"M20333927NNN","business ","business","0.888888888888889",1,1,"Read","death","Study2","U","Study Phase2",1670,"Recall2"
"M20342347","make ","business","0.125",0,1,"Read","death","Study2","U","Study Phase2",1935,"Recall2"
"M20320231_MMS","sack","sack","1",1,1,"Read","dietary","Study2","U","Study Phase2",5863,"Recall2"
"M20333893_HRR","","sack","0",0,1,"Read","dietary","Study2","U","Study Phase2",2551,"Recall2"
"M20333927NNN","book","sack","0.25",0,1,"Read","dietary","Study2","U","Study Phase2",1849,"Recall2"
"M20342347","meal ","sack","0.2",0,1,"Read","dietary","Study2","U","Study Phase2",2889,"Recall2"
"M20320231_MMS","paper","paper","1",1,1,"Read","document","Study2","F","Study Phase2",6749,"Recall2"
"M20333893_HRR","paper","paper","1",1,1,"Read","document","Study2","F","Study Phase2",2045,"Recall2"
"M20333927NNN","sign","paper","0",0,1,"Read","document","Study2","F","Study Phase2",1787,"Recall2"
"M20342347","","paper","0",0,1,"Read","document","Study2","F","Study Phase2",3275,"Recall2"
"M20320231_MMS","taste","taste","1",1,1,"Read","eyes","Study2","M","Study Phase2",6023,"Recall2"
"M20333893_HRR","","taste","0",0,1,"Read","eyes","Study2","M","Study Phase2",2410,"Recall2"
"M20333927NNN","blue","taste","0.2",0,1,"Read","eyes","Study2","M","Study Phase2",1681,"Recall2"
"M20342347","guys ","taste","0.2",0,1,"Read","eyes","Study2","M","Study Phase2",1000,"Recall2"
"M20320231_MMS","fight","fight","1",1,1,"Read","feud","Study2","F","Study Phase2",2750,"Recall2"
"M20333893_HRR","","fight","0",0,1,"Read","feud","Study2","F","Study Phase2",2910,"Recall2"
"M20333927NNN","fight","fight","1",1,1,"Read","feud","Study2","F","Study Phase2",1400,"Recall2"
"M20342347","family ","fight","0.285714285714286",0,1,"Read","feud","Study2","F","Study Phase2",2272,"Recall2"
"M20320231_MMS","leg","leg","1",1,1,"Read","grill","Study2","M","Study Phase2",3519,"Recall2"
"M20333893_HRR","","leg","0",0,1,"Read","grill","Study2","M","Study Phase2",1535,"Recall2"
"M20333927NNN","steak","leg","0.2",0,1,"Read","grill","Study2","M","Study Phase2",1447,"Recall2"
"M20342347","mill","leg","0.25",0,1,"Read","grill","Study2","M","Study Phase2",2266,"Recall2"
"M20320231_MMS","car","car","1",1,1,"Read","happy","Study2","U","Study Phase2",6071,"Recall2"
"M20333893_HRR","","car","0",0,1,"Read","happy","Study2","U","Study Phase2",2876,"Recall2"
"M20333927NNN","sad","car","0.333333333333333",0,1,"Read","happy","Study2","U","Study Phase2",1299,"Recall2"
"M20342347","sad","car","0.333333333333333",0,1,"Read","happy","Study2","U","Study Phase2",4573,"Recall2"
"M20320231_MMS","bird","bird","1",1,1,"Read","heavy","Study2","M","Study Phase2",4172,"Recall2"
"M20333893_HRR","","bird","0",0,1,"Read","heavy","Study2","M","Study Phase2",1961,"Recall2"
"M20333927NNN","bridge","bird","0.666666666666667",0,1,"Read","heavy","Study2","M","Study Phase2",1526,"Recall2"
"M20342347","metal","bird","0",0,1,"Read","heavy","Study2","M","Study Phase2",2754,"Recall2"
"M20320231_MMS","cow","cow","1",1,1,"Read","herd","Study2","F","Study Phase2",2225,"Recall2"
"M20333893_HRR","","cow","0",0,1,"Read","herd","Study2","F","Study Phase2",3275,"Recall2"
"M20333927NNN","dog","cow","0.333333333333333",0,1,"Read","herd","Study2","F","Study Phase2",1452,"Recall2"
"M20342347","cow","cow","1",1,1,"Read","herd","Study2","F","Study Phase2",2434,"Recall2"
"M20320231_MMS","wasp","sting","0.2",0,1,"Read","hornet","Study2","F","Study Phase2",3566,"Recall2"
"M20333893_HRR","sting","sting","1",1,1,"Read","hornet","Study2","F","Study Phase2",1302,"Recall2"
"M20333927NNN","sting","sting","1",1,1,"Read","hornet","Study2","F","Study Phase2",1988,"Recall2"
"M20342347","wasp ","sting","0.2",0,1,"Read","hornet","Study2","F","Study Phase2",25973,"Recall2"
"M20320231_MMS","smell","smell","1",1,1,"Read","incense","Study2","F","Study Phase2",4175,"Recall2"
"M20333893_HRR","","smell","0",0,1,"Read","incense","Study2","F","Study Phase2",1731,"Recall2"
"M20333927NNN","smell","smell","1",1,1,"Read","incense","Study2","F","Study Phase2",2248,"Recall2"
"M20342347","smell","smell","1",1,1,"Read","incense","Study2","F","Study Phase2",2417,"Recall2"
"M20320231_MMS","vase","vase","1",1,1,"Read","king","Study2","U","Study Phase2",8590,"Recall2"
"M20333893_HRR","","vase","0",0,1,"Read","king","Study2","U","Study Phase2",3012,"Recall2"
"M20333927NNN","vase","vase","1",1,1,"Read","king","Study2","U","Study Phase2",1714,"Recall2"
"M20342347","vase ","vase","0.8",1,1,"Read","king","Study2","U","Study Phase2",6967,"Recall2"
"M20320231_MMS","baseball","baseball","1",1,1,"Read","league","Study2","F","Study Phase2",4592,"Recall2"
"M20333893_HRR","baseball","baseball","1",1,1,"Read","league","Study2","F","Study Phase2",1755,"Recall2"
"M20333927NNN","baseball","baseball","1",1,1,"Read","league","Study2","F","Study Phase2",1543,"Recall2"
"M20342347","baseball ","baseball","0.888888888888889",1,1,"Read","league","Study2","F","Study Phase2",2436,"Recall2"
"M20320231_MMS","toil","toil","1",1,1,"Read","lease","Study2","U","Study Phase2",7464,"Recall2"
"M20333893_HRR","house","toil","0.2",0,1,"Read","lease","Study2","U","Study Phase2",1842,"Recall2"
"M20333927NNN","loan","toil","0.5",0,1,"Read","lease","Study2","U","Study Phase2",1701,"Recall2"
"M20342347","mease ","toil","0",0,1,"Read","lease","Study2","U","Study Phase2",2594,"Recall2"
"M20320231_MMS","children","children","1",1,1,"Read","mirror","Study2","U","Study Phase2",10287,"Recall2"
"M20333893_HRR","","children","0",0,1,"Read","mirror","Study2","U","Study Phase2",2161,"Recall2"
"M20333927NNN","gaze","children","0.125",0,1,"Read","mirror","Study2","U","Study Phase2",1647,"Recall2"
"M20342347","hey","children","0.25",0,1,"Read","mirror","Study2","U","Study Phase2",1963,"Recall2"
"M20320231_MMS","court","court","1",1,1,"Read","nurse","Study2","M","Study Phase2",8794,"Recall2"
"M20333893_HRR","","court","0",0,1,"Read","nurse","Study2","M","Study Phase2",1534,"Recall2"
"M20333927NNN","court","court","1",1,1,"Read","nurse","Study2","M","Study Phase2",1686,"Recall2"
"M20342347","curse","court","0.6",0,1,"Read","nurse","Study2","M","Study Phase2",1188,"Recall2"
"M20320231_MMS","weave","weave","1",1,1,"Read","oven","Study2","M","Study Phase2",10852,"Recall2"
"M20333893_HRR","","weave","0",0,1,"Read","oven","Study2","M","Study Phase2",1649,"Recall2"
"M20333927NNN","cook","weave","0",0,1,"Read","oven","Study2","M","Study Phase2",2906,"Recall2"
"M20342347","mit","weave","0",0,1,"Read","oven","Study2","M","Study Phase2",1238,"Recall2"
"M20320231_MMS","fire","dog","0",0,1,"Read","pants","Study2","M","Study Phase2",3618,"Recall2"
"M20333893_HRR","","dog","0",0,1,"Read","pants","Study2","M","Study Phase2",2142,"Recall2"
"M20333927NNN","leg","dog","0.333333333333333",0,1,"Read","pants","Study2","M","Study Phase2",2116,"Recall2"
"M20342347","trouser ","dog","0.125",0,1,"Read","pants","Study2","M","Study Phase2",4777,"Recall2"
"M20320231_MMS","clutter","clutter","1",1,1,"Read","push","Study2","U","Study Phase2",4658,"Recall2"
"M20333893_HRR","","clutter","0",0,1,"Read","push","Study2","U","Study Phase2",3616,"Recall2"
"M20333927NNN","shove","clutter","0.142857142857143",0,1,"Read","push","Study2","U","Study Phase2",1935,"Recall2"
"M20342347","pull","clutter","0.285714285714286",0,1,"Read","push","Study2","U","Study Phase2",624,"Recall2"
"M20320231_MMS","plants","plant","0.833333333333333",1,1,"Read","rake","Study2","M","Study Phase2",5244,"Recall2"
"M20333893_HRR","","plant","0",0,1,"Read","rake","Study2","M","Study Phase2",2068,"Recall2"
"M20333927NNN","garden","plant","0.333333333333333",0,1,"Read","rake","Study2","M","Study Phase2",1706,"Recall2"
"M20342347","make ","plant","0.2",0,1,"Read","rake","Study2","M","Study Phase2",1487,"Recall2"
"M20320231_MMS","arm","arm","1",1,1,"Read","razor","Study2","M","Study Phase2",7372,"Recall2"
"M20333893_HRR","","arm","0",0,1,"Read","razor","Study2","M","Study Phase2",1660,"Recall2"
"M20333927NNN","blade","arm","0.2",0,1,"Read","razor","Study2","M","Study Phase2",1705,"Recall2"
"M20342347","back","arm","0.25",0,1,"Read","razor","Study2","M","Study Phase2",3957,"Recall2"
"M20320231_MMS","water","water","1",1,1,"Read","reality","Study2","M","Study Phase2",10186,"Recall2"
"M20333893_HRR","","water","0",0,1,"Read","reality","Study2","M","Study Phase2",1836,"Recall2"
"M20333927NNN","check","water","0.2",0,1,"Read","reality","Study2","M","Study Phase2",1617,"Recall2"
"M20342347","make","water","0.4",0,1,"Read","reality","Study2","M","Study Phase2",2478,"Recall2"
"M20320231_MMS","nope","sign","0.25",0,1,"Read","school","Study2","M","Study Phase2",2236,"Recall2"
"M20333893_HRR","sign","sign","1",1,1,"Read","school","Study2","M","Study Phase2",1856,"Recall2"
"M20333927NNN","test","sign","0.25",0,1,"Read","school","Study2","M","Study Phase2",2341,"Recall2"
"M20342347","zone ","sign","0.2",0,1,"Read","school","Study2","M","Study Phase2",1215,"Recall2"
"M20320231_MMS","slick","hide","0.2",0,1,"Read","sick","Study2","U","Study Phase2",15740,"Recall2"
"M20333893_HRR","","hide","0",0,1,"Read","sick","Study2","U","Study Phase2",2820,"Recall2"
"M20333927NNN","cough","hide","0.2",0,1,"Read","sick","Study2","U","Study Phase2",1562,"Recall2"
"M20342347","neck","hide","0.25",0,1,"Read","sick","Study2","U","Study Phase2",1685,"Recall2"
"M20320231_MMS","thrist","thirst","1",1,1,"Read","soap","Study2","M","Study Phase2",2912,"Recall2"
"M20333893_HRR","clean","thirst","0",0,1,"Read","soap","Study2","M","Study Phase2",1942,"Recall2"
"M20333927NNN","wash","thirst","0.333333333333333",0,1,"Read","soap","Study2","M","Study Phase2",1512,"Recall2"
"M20342347","clear","thirst","0.166666666666667",0,1,"Read","soap","Study2","M","Study Phase2",2759,"Recall2"
"M20320231_MMS","weak","accident","0.25",0,1,"Read","strong","Study2","U","Study Phase2",7065,"Recall2"
"M20333893_HRR","","accident","0",0,1,"Read","strong","Study2","U","Study Phase2",2692,"Recall2"
"M20333927NNN","hand","accident","0.375",0,1,"Read","strong","Study2","U","Study Phase2",2009,"Recall2"
"M20342347","bond","accident","0.25",0,1,"Read","strong","Study2","U","Study Phase2",1028,"Recall2"
"M20320231_MMS","nope","riddle","0.166666666666667",0,1,"Read","sugar","Study2","U","Study Phase2",5421,"Recall2"
"M20333893_HRR","","riddle","0",0,1,"Read","sugar","Study2","U","Study Phase2",1714,"Recall2"
"M20333927NNN","lion","riddle","0.333333333333333",0,1,"Read","sugar","Study2","U","Study Phase2",1946,"Recall2"
"M20342347","booger ","riddle","0.285714285714286",0,1,"Read","sugar","Study2","U","Study Phase2",1496,"Recall2"
"M20320231_MMS","white","white","1",1,1,"Read","summer","Study2","M","Study Phase2",7911,"Recall2"
"M20333893_HRR","","white","0",0,1,"Read","summer","Study2","M","Study Phase2",3587,"Recall2"
"M20333927NNN","heat","white","0.6",0,1,"Read","summer","Study2","M","Study Phase2",1998,"Recall2"
"M20342347","winter","white","0.666666666666667",0,1,"Read","summer","Study2","M","Study Phase2",1625,"Recall2"
"M20320231_MMS","man","man","1",1,1,"Read","trap","Study2","M","Study Phase2",4965,"Recall2"
"M20333893_HRR","","man","0",0,1,"Read","trap","Study2","M","Study Phase2",2812,"Recall2"
"M20333927NNN","stuck","man","0",0,1,"Read","trap","Study2","M","Study Phase2",1218,"Recall2"
"M20342347","tap","man","0.333333333333333",0,1,"Read","trap","Study2","M","Study Phase2",1762,"Recall2"
"M20320231_MMS","top","top","1",1,1,"Read","valley","Study2","M","Study Phase2",32708,"Recall2"
"M20333893_HRR","","top","0",0,1,"Read","valley","Study2","M","Study Phase2",2244,"Recall2"
"M20333927NNN","top","top","1",1,1,"Read","valley","Study2","M","Study Phase2",1872,"Recall2"
"M20342347","creek ","top","0",0,1,"Read","valley","Study2","M","Study Phase2",2930,"Recall2"
"M20320231_MMS","bug","bug","1",1,1,"Read","wasp","Study2","F","Study Phase2",2336,"Recall2"
"M20333893_HRR","bug","bug","1",1,1,"Read","wasp","Study2","F","Study Phase2",3435,"Recall2"
"M20333927NNN","sting","bug","0.2",0,1,"Read","wasp","Study2","F","Study Phase2",1514,"Recall2"
"M20342347","bee ","bug","0.25",0,1,"Read","wasp","Study2","F","Study Phase2",887,"Recall2"
"M20320231_MMS","handles","handle","0.857142857142857",1,1,"Read","window","Study2","M","Study Phase2",3665,"Recall2"
"M20333893_HRR","","handle","0",0,1,"Read","window","Study2","M","Study Phase2",1264,"Recall2"
"M20333927NNN","open","handle","0.333333333333333",0,1,"Read","window","Study2","M","Study Phase2",1704,"Recall2"
"M20342347","bingo","handle","0.166666666666667",0,1,"Read","window","Study2","M","Study Phase2",1415,"Recall2"
"M20283871","","wolf","0",0,3,"Read","art","Study2","U","Study Phase",1241,"Recall1"
"M20321818MN","wolf","wolf","1",1,3,"Read","art","Study2","U","Study Phase",2170,"Recall1"
"M20321883KO","wolf","wolf","1",1,3,"Read","art","Study2","U","Study Phase",3041,"Recall1"
"M20335622WDl","piece","wolf","0",0,3,"Read","art","Study2","U","Study Phase",1270,"Recall1"
"M20340215MGW","wolf","wolf","1",1,3,"Read","art","Study2","U","Study Phase",4207,"Recall1"
"M20283871","bronze","bronze","1",1,3,"Read","artery","Study2","U","Study Phase",1750,"Recall1"
"M20321818MN","vein","bronze","0.333333333333333",0,3,"Read","artery","Study2","U","Study Phase",2607,"Recall1"
"M20321883KO","bronze","bronze","1",1,3,"Read","artery","Study2","U","Study Phase",4142,"Recall1"
"M20335622WDl","vein","bronze","0.333333333333333",0,3,"Read","artery","Study2","U","Study Phase",1578,"Recall1"
"M20340215MGW","","bronze","0",0,3,"Read","artery","Study2","U","Study Phase",3859,"Recall1"
"M20283871","","clothes","0",0,3,"Read","attire","Study2","F","Study Phase",392,"Recall1"
"M20321818MN","clothes","clothes","1",1,3,"Read","attire","Study2","F","Study Phase",2030,"Recall1"
"M20321883KO","clothes","clothes","1",1,3,"Read","attire","Study2","F","Study Phase",2413,"Recall1"
"M20335622WDl","wear","clothes","0.142857142857143",0,3,"Read","attire","Study2","F","Study Phase",1275,"Recall1"
"M20340215MGW","","clothes","0",0,3,"Read","attire","Study2","F","Study Phase",6055,"Recall1"
"M20283871","","horn","0",0,3,"Read","bench","Study2","U","Study Phase",345,"Recall1"
"M20321818MN","","horn","0",0,3,"Read","bench","Study2","U","Study Phase",2539,"Recall1"
"M20321883KO","","horn","0",0,3,"Read","bench","Study2","U","Study Phase",3744,"Recall1"
"M20335622WDl","press","horn","0.2",0,3,"Read","bench","Study2","U","Study Phase",910,"Recall1"
"M20340215MGW","","horn","0",0,3,"Read","bench","Study2","U","Study Phase",2574,"Recall1"
"M20283871","","fire","0",0,3,"Read","blaze","Study2","F","Study Phase",976,"Recall1"
"M20321818MN","","fire","0",0,3,"Read","blaze","Study2","F","Study Phase",2528,"Recall1"
"M20321883KO","fire","fire","1",1,3,"Read","blaze","Study2","F","Study Phase",2652,"Recall1"
"M20335622WDl","fire","fire","1",1,3,"Read","blaze","Study2","F","Study Phase",837,"Recall1"
"M20340215MGW","fire","fire","1",1,3,"Read","blaze","Study2","F","Study Phase",7137,"Recall1"
"M20283871","","ounce","0",0,3,"Read","both","Study2","U","Study Phase",170,"Recall1"
"M20321818MN","","ounce","0",0,3,"Read","both","Study2","U","Study Phase",2299,"Recall1"
"M20321883KO","","ounce","0",0,3,"Read","both","Study2","U","Study Phase",3196,"Recall1"
"M20335622WDl","twice","ounce","0.4",0,3,"Read","both","Study2","U","Study Phase",3562,"Recall1"
"M20340215MGW","","ounce","0",0,3,"Read","both","Study2","U","Study Phase",2827,"Recall1"
"M20283871","","water","0",0,3,"Read","bridge","Study2","F","Study Phase",288,"Recall1"
"M20321818MN","","water","0",0,3,"Read","bridge","Study2","F","Study Phase",2617,"Recall1"
"M20321883KO","water","water","1",1,3,"Read","bridge","Study2","F","Study Phase",2521,"Recall1"
"M20335622WDl","water","water","1",1,3,"Read","bridge","Study2","F","Study Phase",867,"Recall1"
"M20340215MGW","water","water","1",1,3,"Read","bridge","Study2","F","Study Phase",1492,"Recall1"
"M20283871","","plant","0",0,3,"Read","cactus","Study2","F","Study Phase",613,"Recall1"
"M20321818MN","","plant","0",0,3,"Read","cactus","Study2","F","Study Phase",2090,"Recall1"
"M20321883KO","plant","plant","1",1,3,"Read","cactus","Study2","F","Study Phase",2558,"Recall1"
"M20335622WDl","plant","plant","1",1,3,"Read","cactus","Study2","F","Study Phase",1509,"Recall1"
"M20340215MGW","plant","plant","1",1,3,"Read","cactus","Study2","F","Study Phase",4551,"Recall1"
"M20283871","","leg","0",0,3,"Read","cash","Study2","U","Study Phase",581,"Recall1"
"M20321818MN","leg","leg","1",1,3,"Read","cash","Study2","U","Study Phase",2317,"Recall1"
"M20321883KO","happy","leg","0",0,3,"Read","cash","Study2","U","Study Phase",2995,"Recall1"
"M20335622WDl","leg","leg","1",1,3,"Read","cash","Study2","U","Study Phase",2162,"Recall1"
"M20340215MGW","leg","leg","1",1,3,"Read","cash","Study2","U","Study Phase",15644,"Recall1"
"M20283871","","red","0",0,3,"Read","cherry","Study2","F","Study Phase",1936,"Recall1"
"M20321818MN","blossom","red","0",0,3,"Read","cherry","Study2","F","Study Phase",2173,"Recall1"
"M20321883KO","red","red","1",1,3,"Read","cherry","Study2","F","Study Phase",2591,"Recall1"
"M20335622WDl","pick","red","0",0,3,"Read","cherry","Study2","F","Study Phase",836,"Recall1"
"M20340215MGW","red","red","1",1,3,"Read","cherry","Study2","F","Study Phase",2666,"Recall1"
"M20283871","cold","cold","1",1,3,"Read","chill","Study2","F","Study Phase",1169,"Recall1"
"M20321818MN","","cold","0",0,3,"Read","chill","Study2","F","Study Phase",3455,"Recall1"
"M20321883KO","cold","cold","1",1,3,"Read","chill","Study2","F","Study Phase",2079,"Recall1"
"M20335622WDl","food","cold","0.5",0,3,"Read","chill","Study2","F","Study Phase",1657,"Recall1"
"M20340215MGW","cold","cold","1",1,3,"Read","chill","Study2","F","Study Phase",1770,"Recall1"
"M20283871","hammer\","hammer","0.857142857142857",1,3,"Read","chisel","Study2","F","Study Phase",810,"Recall1"
"M20321818MN","","hammer","0",0,3,"Read","chisel","Study2","F","Study Phase",2120,"Recall1"
"M20321883KO","hammer","hammer","1",1,3,"Read","chisel","Study2","F","Study Phase",3237,"Recall1"
"M20335622WDl","chip","hammer","0.166666666666667",0,3,"Read","chisel","Study2","F","Study Phase",2234,"Recall1"
"M20340215MGW","hammer","hammer","1",1,3,"Read","chisel","Study2","F","Study Phase",3477,"Recall1"
"M20283871","cut","cut","1",1,3,"Read","chop","Study2","F","Study Phase",383,"Recall1"
"M20321818MN","","cut","0",0,3,"Read","chop","Study2","F","Study Phase",1906,"Recall1"
"M20321883KO","cut","cut","1",1,3,"Read","chop","Study2","F","Study Phase",3185,"Recall1"
"M20335622WDl","chip","cut","0.25",0,3,"Read","chop","Study2","F","Study Phase",906,"Recall1"
"M20340215MGW","","cut","0",0,3,"Read","chop","Study2","F","Study Phase",1667,"Recall1"
"M20283871","","business","0",0,3,"Read","death","Study2","U","Study Phase",1145,"Recall1"
"M20321818MN","","business","0",0,3,"Read","death","Study2","U","Study Phase",1988,"Recall1"
"M20321883KO","trap","business","0",0,3,"Read","death","Study2","U","Study Phase",2966,"Recall1"
"M20335622WDl","life","business","0.25",0,3,"Read","death","Study2","U","Study Phase",794,"Recall1"
"M20340215MGW","business","business","1",1,3,"Read","death","Study2","U","Study Phase",9350,"Recall1"
"M20283871","","sack","0",0,3,"Read","dietary","Study2","U","Study Phase",462,"Recall1"
"M20321818MN","","sack","0",0,3,"Read","dietary","Study2","U","Study Phase",2318,"Recall1"
"M20321883KO","","sack","0",0,3,"Read","dietary","Study2","U","Study Phase",3805,"Recall1"
"M20335622WDl","food","sack","0",0,3,"Read","dietary","Study2","U","Study Phase",1824,"Recall1"
"M20340215MGW","","sack","0",0,3,"Read","dietary","Study2","U","Study Phase",7332,"Recall1"
"M20283871","paper","paper","1",1,3,"Read","document","Study2","F","Study Phase",292,"Recall1"
"M20321818MN","paper","paper","1",1,3,"Read","document","Study2","F","Study Phase",1897,"Recall1"
"M20321883KO","paper","paper","1",1,3,"Read","document","Study2","F","Study Phase",2242,"Recall1"
"M20335622WDl","paper","paper","1",1,3,"Read","document","Study2","F","Study Phase",1185,"Recall1"
"M20340215MGW","","paper","0",0,3,"Read","document","Study2","F","Study Phase",5936,"Recall1"
"M20283871","","taste","0",0,3,"Read","eyes","Study2","M","Study Phase",202,"Recall1"
"M20321818MN","","taste","0",0,3,"Read","eyes","Study2","M","Study Phase",2281,"Recall1"
"M20321883KO","taste","taste","1",1,3,"Read","eyes","Study2","M","Study Phase",3645,"Recall1"
"M20335622WDl","taste","taste","1",1,3,"Read","eyes","Study2","M","Study Phase",1482,"Recall1"
"M20340215MGW","taste","taste","1",1,3,"Read","eyes","Study2","M","Study Phase",1555,"Recall1"
"M20283871","","fight","0",0,3,"Read","feud","Study2","F","Study Phase",497,"Recall1"
"M20321818MN","","fight","0",0,3,"Read","feud","Study2","F","Study Phase",3084,"Recall1"
"M20321883KO","fight","fight","1",1,3,"Read","feud","Study2","F","Study Phase",3565,"Recall1"
"M20335622WDl","money","fight","0",0,3,"Read","feud","Study2","F","Study Phase",1142,"Recall1"
"M20340215MGW","flight","fight","0.833333333333333",1,3,"Read","feud","Study2","F","Study Phase",11300,"Recall1"
"M20283871","","leg","0",0,3,"Read","grill","Study2","M","Study Phase",304,"Recall1"
"M20321818MN","","leg","0",0,3,"Read","grill","Study2","M","Study Phase",2067,"Recall1"
"M20321883KO","leg","leg","1",1,3,"Read","grill","Study2","M","Study Phase",2150,"Recall1"
"M20335622WDl","cook","leg","0",0,3,"Read","grill","Study2","M","Study Phase",1661,"Recall1"
"M20340215MGW","leg","leg","1",1,3,"Read","grill","Study2","M","Study Phase",3951,"Recall1"
"M20283871","","car","0",0,3,"Read","happy","Study2","U","Study Phase",745,"Recall1"
"M20321818MN","","car","0",0,3,"Read","happy","Study2","U","Study Phase",2772,"Recall1"
"M20321883KO","","car","0",0,3,"Read","happy","Study2","U","Study Phase",2616,"Recall1"
"M20335622WDl","","car","0",0,3,"Read","happy","Study2","U","Study Phase",1556,"Recall1"
"M20340215MGW","car","car","1",1,3,"Read","happy","Study2","U","Study Phase",8097,"Recall1"
"M20283871","","bird","0",0,3,"Read","heavy","Study2","M","Study Phase",410,"Recall1"
"M20321818MN","","bird","0",0,3,"Read","heavy","Study2","M","Study Phase",2316,"Recall1"
"M20321883KO","","bird","0",0,3,"Read","heavy","Study2","M","Study Phase",4370,"Recall1"
"M20335622WDl","light","bird","0.2",0,3,"Read","heavy","Study2","M","Study Phase",847,"Recall1"
"M20340215MGW","bird","bird","1",1,3,"Read","heavy","Study2","M","Study Phase",3629,"Recall1"
"M20283871","cow","cow","1",1,3,"Read","herd","Study2","F","Study Phase",655,"Recall1"
"M20321818MN","cow","cow","1",1,3,"Read","herd","Study2","F","Study Phase",1764,"Recall1"
"M20321883KO","cows","cow","0.75",1,3,"Read","herd","Study2","F","Study Phase",2607,"Recall1"
"M20335622WDl","sheep","cow","0",0,3,"Read","herd","Study2","F","Study Phase",473,"Recall1"
"M20340215MGW","cow","cow","1",1,3,"Read","herd","Study2","F","Study Phase",1285,"Recall1"
"M20283871","","sting","0",0,3,"Read","hornet","Study2","F","Study Phase",333,"Recall1"
"M20321818MN","sting","sting","1",1,3,"Read","hornet","Study2","F","Study Phase",2059,"Recall1"
"M20321883KO","sting","sting","1",1,3,"Read","hornet","Study2","F","Study Phase",1804,"Recall1"
"M20335622WDl","sting","sting","1",1,3,"Read","hornet","Study2","F","Study Phase",2215,"Recall1"
"M20340215MGW","","sting","0",0,3,"Read","hornet","Study2","F","Study Phase",21641,"Recall1"
"M20283871","smell","smell","1",1,3,"Read","incense","Study2","F","Study Phase",394,"Recall1"
"M20321818MN","","smell","0",0,3,"Read","incense","Study2","F","Study Phase",2934,"Recall1"
"M20321883KO","smells","smell","0.833333333333333",1,3,"Read","incense","Study2","F","Study Phase",2664,"Recall1"
"M20335622WDl","smell","smell","1",1,3,"Read","incense","Study2","F","Study Phase",1870,"Recall1"
"M20340215MGW","smell","smell","1",1,3,"Read","incense","Study2","F","Study Phase",2386,"Recall1"
"M20283871","queen","vase","0.2",0,3,"Read","king","Study2","U","Study Phase",669,"Recall1"
"M20321818MN","vase","vase","1",1,3,"Read","king","Study2","U","Study Phase",2256,"Recall1"
"M20321883KO","vase","vase","1",1,3,"Read","king","Study2","U","Study Phase",3425,"Recall1"
"M20335622WDl","castle","vase","0.5",0,3,"Read","king","Study2","U","Study Phase",1906,"Recall1"
"M20340215MGW","vase","vase","1",1,3,"Read","king","Study2","U","Study Phase",2628,"Recall1"
"M20283871","","baseball","0",0,3,"Read","league","Study2","F","Study Phase",432,"Recall1"
"M20321818MN","","baseball","0",0,3,"Read","league","Study2","F","Study Phase",1841,"Recall1"
"M20321883KO","baseball","baseball","1",1,3,"Read","league","Study2","F","Study Phase",2064,"Recall1"
"M20335622WDl","baseball","baseball","1",1,3,"Read","league","Study2","F","Study Phase",1859,"Recall1"
"M20340215MGW","baseball","baseball","1",1,3,"Read","league","Study2","F","Study Phase",2621,"Recall1"
"M20283871","","toil","0",0,3,"Read","lease","Study2","U","Study Phase",1049,"Recall1"
"M20321818MN","toil","toil","1",1,3,"Read","lease","Study2","U","Study Phase",2268,"Recall1"
"M20321883KO","toil","toil","1",1,3,"Read","lease","Study2","U","Study Phase",5531,"Recall1"
"M20335622WDl","learn","toil","0.2",0,3,"Read","lease","Study2","U","Study Phase",70530,"Recall1"
"M20340215MGW","toil","toil","1",1,3,"Read","lease","Study2","U","Study Phase",14768,"Recall1"
"M20283871","weak","children","0.125",0,3,"Read","mirror","Study2","U","Study Phase",692,"Recall1"
"M20321818MN","children","children","1",1,3,"Read","mirror","Study2","U","Study Phase",2210,"Recall1"
"M20321883KO","children","children","1",1,3,"Read","mirror","Study2","U","Study Phase",2218,"Recall1"
"M20335622WDl","children ","children","0.888888888888889",1,3,"Read","mirror","Study2","U","Study Phase",2178,"Recall1"
"M20340215MGW","children","children","1",1,3,"Read","mirror","Study2","U","Study Phase",4403,"Recall1"
"M20283871","","court","0",0,3,"Read","nurse","Study2","M","Study Phase",433,"Recall1"
"M20321818MN","","court","0",0,3,"Read","nurse","Study2","M","Study Phase",2618,"Recall1"
"M20321883KO","court","court","1",1,3,"Read","nurse","Study2","M","Study Phase",4499,"Recall1"
"M20335622WDl","doctor","court","0.666666666666667",0,3,"Read","nurse","Study2","M","Study Phase",977,"Recall1"
"M20340215MGW","court","court","1",1,3,"Read","nurse","Study2","M","Study Phase",8199,"Recall1"
"M20283871","","weave","0",0,3,"Read","oven","Study2","M","Study Phase",315,"Recall1"
"M20321818MN","","weave","0",0,3,"Read","oven","Study2","M","Study Phase",2400,"Recall1"
"M20321883KO","weaves","weave","0.833333333333333",1,3,"Read","oven","Study2","M","Study Phase",5927,"Recall1"
"M20335622WDl","heat","weave","0.4",0,3,"Read","oven","Study2","M","Study Phase",1170,"Recall1"
"M20340215MGW","","weave","0",0,3,"Read","oven","Study2","M","Study Phase",10693,"Recall1"
"M20283871","","dog","0",0,3,"Read","pants","Study2","M","Study Phase",348,"Recall1"
"M20321818MN","","dog","0",0,3,"Read","pants","Study2","M","Study Phase",2160,"Recall1"
"M20321883KO","","dog","0",0,3,"Read","pants","Study2","M","Study Phase",2934,"Recall1"
"M20335622WDl","clothes","dog","0.142857142857143",0,3,"Read","pants","Study2","M","Study Phase",980,"Recall1"
"M20340215MGW","dog","dog","1",1,3,"Read","pants","Study2","M","Study Phase",6375,"Recall1"
"M20283871","","clutter","0",0,3,"Read","push","Study2","U","Study Phase",592,"Recall1"
"M20321818MN","","clutter","0",0,3,"Read","push","Study2","U","Study Phase",2647,"Recall1"
"M20321883KO","clutter","clutter","1",1,3,"Read","push","Study2","U","Study Phase",3143,"Recall1"
"M20335622WDl","pull","clutter","0.285714285714286",0,3,"Read","push","Study2","U","Study Phase",2023,"Recall1"
"M20340215MGW","clutter","clutter","1",1,3,"Read","push","Study2","U","Study Phase",26230,"Recall1"
"M20283871","","plant","0",0,3,"Read","rake","Study2","M","Study Phase",402,"Recall1"
"M20321818MN","leaves","plant","0.333333333333333",0,3,"Read","rake","Study2","M","Study Phase",2255,"Recall1"
"M20321883KO","plants","plant","0.833333333333333",1,3,"Read","rake","Study2","M","Study Phase",2274,"Recall1"
"M20335622WDl","leaves","plant","0.333333333333333",0,3,"Read","rake","Study2","M","Study Phase",942,"Recall1"
"M20340215MGW","plant","plant","1",1,3,"Read","rake","Study2","M","Study Phase",4909,"Recall1"
"M20283871","","arm","0",0,3,"Read","razor","Study2","M","Study Phase",559,"Recall1"
"M20321818MN","arm","arm","1",1,3,"Read","razor","Study2","M","Study Phase",2024,"Recall1"
"M20321883KO","arm","arm","1",1,3,"Read","razor","Study2","M","Study Phase",3095,"Recall1"
"M20335622WDl","blade","arm","0.2",0,3,"Read","razor","Study2","M","Study Phase",2556,"Recall1"
"M20340215MGW","blade","arm","0.2",0,3,"Read","razor","Study2","M","Study Phase",3365,"Recall1"
"M20283871","","water","0",0,3,"Read","reality","Study2","M","Study Phase",402,"Recall1"
"M20321818MN","","water","0",0,3,"Read","reality","Study2","M","Study Phase",2538,"Recall1"
"M20321883KO","water","water","1",1,3,"Read","reality","Study2","M","Study Phase",4565,"Recall1"
"M20335622WDl","water","water","1",1,3,"Read","reality","Study2","M","Study Phase",1277,"Recall1"
"M20340215MGW","","water","0",0,3,"Read","reality","Study2","M","Study Phase",5731,"Recall1"
"M20283871","","sign","0",0,3,"Read","school","Study2","M","Study Phase",497,"Recall1"
"M20321818MN","","sign","0",0,3,"Read","school","Study2","M","Study Phase",2378,"Recall1"
"M20321883KO","sign","sign","1",1,3,"Read","school","Study2","M","Study Phase",3757,"Recall1"
"M20335622WDl","learn","sign","0.2",0,3,"Read","school","Study2","M","Study Phase",946,"Recall1"
"M20340215MGW","bus","sign","0.25",0,3,"Read","school","Study2","M","Study Phase",3509,"Recall1"
"M20283871","","hide","0",0,3,"Read","sick","Study2","U","Study Phase",286,"Recall1"
"M20321818MN","hide","hide","1",1,3,"Read","sick","Study2","U","Study Phase",2740,"Recall1"
"M20321883KO","hide","hide","1",1,3,"Read","sick","Study2","U","Study Phase",3200,"Recall1"
"M20335622WDl","disease","hide","0.428571428571429",0,3,"Read","sick","Study2","U","Study Phase",1958,"Recall1"
"M20340215MGW","","hide","0",0,3,"Read","sick","Study2","U","Study Phase",6953,"Recall1"
"M20283871","","thirst","0",0,3,"Read","soap","Study2","M","Study Phase",1007,"Recall1"
"M20321818MN","","thirst","0",0,3,"Read","soap","Study2","M","Study Phase",2363,"Recall1"
"M20321883KO","","thirst","0",0,3,"Read","soap","Study2","M","Study Phase",5551,"Recall1"
"M20335622WDl","taste","thirst","0.5",0,3,"Read","soap","Study2","M","Study Phase",1004,"Recall1"
"M20340215MGW","drink","thirst","0.333333333333333",0,3,"Read","soap","Study2","M","Study Phase",2405,"Recall1"
"M20283871","weak","accident","0.25",0,3,"Read","strong","Study2","U","Study Phase",597,"Recall1"
"M20321818MN","","accident","0",0,3,"Read","strong","Study2","U","Study Phase",2396,"Recall1"
"M20321883KO","attack","accident","0.375",0,3,"Read","strong","Study2","U","Study Phase",3295,"Recall1"
"M20335622WDl","weak","accident","0.25",0,3,"Read","strong","Study2","U","Study Phase",1500,"Recall1"
"M20340215MGW","accident","accident","1",1,3,"Read","strong","Study2","U","Study Phase",2274,"Recall1"
"M20283871","sweet","riddle","0.166666666666667",0,3,"Read","sugar","Study2","U","Study Phase",504,"Recall1"
"M20321818MN","","riddle","0",0,3,"Read","sugar","Study2","U","Study Phase",2546,"Recall1"
"M20321883KO","riddle","riddle","1",1,3,"Read","sugar","Study2","U","Study Phase",5707,"Recall1"
"M20335622WDl","water","riddle","0.333333333333333",0,3,"Read","sugar","Study2","U","Study Phase",1845,"Recall1"
"M20340215MGW","riddle","riddle","1",1,3,"Read","sugar","Study2","U","Study Phase",4542,"Recall1"
"M20283871","","white","0",0,3,"Read","summer","Study2","M","Study Phase",783,"Recall1"
"M20321818MN","white","white","1",1,3,"Read","summer","Study2","M","Study Phase",1953,"Recall1"
"M20321883KO","white","white","1",1,3,"Read","summer","Study2","M","Study Phase",2978,"Recall1"
"M20335622WDl","suagr","white","0",0,3,"Read","summer","Study2","M","Study Phase",872,"Recall1"
"M20340215MGW","write","white","0.8",1,3,"Read","summer","Study2","M","Study Phase",5146,"Recall1"
"M20283871","","man","0",0,3,"Read","trap","Study2","M","Study Phase",355,"Recall1"
"M20321818MN","","man","0",0,3,"Read","trap","Study2","M","Study Phase",2022,"Recall1"
"M20321883KO","man","man","1",1,3,"Read","trap","Study2","M","Study Phase",2059,"Recall1"
"M20335622WDl","hole","man","0",0,3,"Read","trap","Study2","M","Study Phase",1018,"Recall1"
"M20340215MGW","","man","0",0,3,"Read","trap","Study2","M","Study Phase",1991,"Recall1"
"M20283871","","top","0",0,3,"Read","valley","Study2","M","Study Phase",288,"Recall1"
"M20321818MN","","top","0",0,3,"Read","valley","Study2","M","Study Phase",2287,"Recall1"
"M20321883KO","top","top","1",1,3,"Read","valley","Study2","M","Study Phase",3122,"Recall1"
"M20335622WDl","well","top","0",0,3,"Read","valley","Study2","M","Study Phase",1022,"Recall1"
"M20340215MGW","","top","0",0,3,"Read","valley","Study2","M","Study Phase",4794,"Recall1"
"M20283871","","bug","0",0,3,"Read","wasp","Study2","F","Study Phase",511,"Recall1"
"M20321818MN","bug","bug","1",1,3,"Read","wasp","Study2","F","Study Phase",1796,"Recall1"
"M20321883KO","sting","bug","0.2",0,3,"Read","wasp","Study2","F","Study Phase",2243,"Recall1"
"M20335622WDl","sting","bug","0.2",0,3,"Read","wasp","Study2","F","Study Phase",942,"Recall1"
"M20340215MGW","bug","bug","1",1,3,"Read","wasp","Study2","F","Study Phase",1937,"Recall1"
"M20283871","","handle","0",0,3,"Read","window","Study2","M","Study Phase",394,"Recall1"
"M20321818MN","handle","handle","1",1,3,"Read","window","Study2","M","Study Phase",2028,"Recall1"
"M20321883KO","handles","handle","0.857142857142857",1,3,"Read","window","Study2","M","Study Phase",2562,"Recall1"
"M20335622WDl","glass","handle","0.333333333333333",0,3,"Read","window","Study2","M","Study Phase",1203,"Recall1"
"M20340215MGW","sill","handle","0.166666666666667",0,3,"Read","window","Study2","M","Study Phase",1915,"Recall1"
